{"Loss": -0.47793707251548767, "Accuracy": 0.2395, "epoch": 8, "_timestamp": 1701259699.0757382, "_runtime": 358.93742322921753, "_step": 8, "_wandb": {"runtime": 375}}