{"Loss": -0.13156743347644806, "epoch": 0, "_timestamp": 1701258955.0041695, "_runtime": 34.29230737686157, "_step": 0, "_wandb": {"runtime": 51}}