{"Loss": -0.9620800018310547, "epoch": 99, "_timestamp": 1701268975.935878, "_runtime": 4105.578547000885, "_step": 99, "_wandb": {"runtime": 4104}}