{"Loss": -0.24631008505821228, "epoch": 9, "_timestamp": 1701264584.268509, "_runtime": 287.4561309814453, "_step": 9, "_wandb": {"runtime": 294}}