{"Loss": -0.8255088925361633, "epoch": 35, "_timestamp": 1701763384.1795661, "_runtime": 1156.475046157837, "_step": 35, "_wandb": {"runtime": 1165}}