{"Loss": -0.29831457138061523, "k-NN acc": 0.312125, "linear acc": 0.42510775862068967, "epoch": 11, "_timestamp": 1701767103.1883337, "_runtime": 878.3630497455597, "_step": 11, "_wandb": {"runtime": 901}}