{"Loss": -0.5416663885116577, "k-NN acc": 0.317125, "linear acc": 0.4326508620689655, "epoch": 99, "_timestamp": 1702024183.7496395, "_runtime": 3503.917429447174, "_step": 99, "_wandb": {"runtime": 3503}}