{"Loss": -0.15117314457893372, "Accuracy": 0.333625, "epoch": 5, "_timestamp": 1701262243.631004, "_runtime": 486.5575602054596, "_step": 5, "_wandb": {"runtime": 560}}