{"Loss": -0.6215662360191345, "k-NN acc": 0.327375, "linear acc": 0.42995689655172414, "epoch": 2, "_timestamp": 1702025612.8893218, "_runtime": 10977.11805486679, "_step": 2}