{"Loss": -0.9286136031150818, "epoch": 99, "_timestamp": 1701269413.403627, "_runtime": 4170.300518989563, "_step": 99, "_wandb": {"runtime": 4168}}