{"Loss": -0.9991933107376099, "epoch": 99, "_timestamp": 1701269383.2944317, "_runtime": 4125.838849782944, "_step": 99, "_wandb": {"runtime": 4124}}