{"Loss": -0.7603983283042908, "epoch": 14, "_timestamp": 1701264606.7534425, "_runtime": 386.88679456710815, "_step": 14, "_wandb": {"runtime": 399}}