{"Loss": -0.6782357692718506, "epoch": 0, "_timestamp": 1701264405.4566917, "_runtime": 219.88919281959534, "_step": 0, "_wandb": {"runtime": 374}}