{"Loss": -0.9651927947998047, "epoch": 99, "_timestamp": 1701285247.7132225, "_runtime": 20402.541627407074, "_step": 99, "_wandb": {"runtime": 20401}}