{"Loss": -0.6678018569946289, "k-NN acc": 0.374875, "linear acc": 0.47898706896551724, "epoch": 15, "_timestamp": 1702350776.579242, "_runtime": 83173.768034935, "_step": 15}