{"Loss": -0.6079710721969604, "epoch": 99, "_timestamp": 1701267760.6003208, "_runtime": 2902.0215797424316, "_step": 99, "_wandb": {"runtime": 2900}}