{"Loss": -0.6100257039070129, "epoch": 99, "_timestamp": 1701288269.6943512, "_runtime": 23441.433782100677, "_step": 99, "_wandb": {"runtime": 23440}}