{"Loss": -0.8916264176368713, "Accuracy": 0.2505, "epoch": 46, "_timestamp": 1701262310.200474, "_runtime": 1809.8004460334778, "_step": 46, "_wandb": {"runtime": 1824}}