{"Loss": -0.6389593482017517, "Accuracy": 0.2409, "epoch": 0, "_timestamp": 1701263197.7059762, "_runtime": 306.2738893032074, "_step": 0, "_wandb": {"runtime": 526}}