{"Loss": -0.9816855192184448, "epoch": 99, "_timestamp": 1701246233.201133, "_runtime": 2247.419683933258, "_step": 99, "_wandb": {"runtime": 2246}}