{"Loss": -0.14452789723873138, "epoch": 0, "_timestamp": 1701264344.1237013, "_runtime": 223.88399028778076, "_step": 0, "_wandb": {"runtime": 362}}