{"Loss": -0.7000619173049927, "k-NN acc": 0.435, "linear acc": 0.5554956896551724, "epoch": 19, "_timestamp": 1701906511.9577444, "_runtime": 139257.8415904045, "_step": 19, "_wandb": {"runtime": 139256}}