{"Loss": -0.9995833039283752, "epoch": 48, "_timestamp": 1701763392.634636, "_runtime": 1141.253322839737, "_step": 48, "_wandb": {"runtime": 1144}}